Sr. No.,LockerNo
1,241
2,256
3,271
4,286
5,301
6,316
7,242
8,257
9,272
10,287
11,302
12,317
13,243
14,258
15,273
16,288
17,303
18,318
19,244
20,259
21,274
22,289
23,304
24,319
25,245
26,260
27,275
28,290
29,305
30,320
31,246
32,261
33,276
34,291
35,306
36,321
37,247
38,262
39,277
40,292
41,307
42,322
43,248
44,263
45,278
46,293
47,308
48,323
49,249
50,264
51,279
52,294
53,309
54,324
55,250
56,265
57,280
58,295
59,310
60,325
61,251
62,266
63,281
64,296
65,311
66,326
67,252
68,267
69,282
70,297
71,312
72,327
73,253
74,268
75,283
76,298
77,313
78,328
79,254
80,269
81,284
82,299
83,314
84,329
85,255
86,270
87,285
88,300
89,315
90,330
91,341
92,354
93,367
94,380
95,393
96,406
97,342
98,355
99,368
100,381
101,394
102,407
103,343
104,356
105,369
106,382
107,395
108,408
109,499
110,512
111,525
112,538
113,551
114,564
115,500
116,513
117,526
118,539
119,552
120,565
